{"cameraMode":{"drawMode":0,"name":"Shaded","section":"Shading Mode"},"sceneLighting":true,"audioPlay":false,"sceneViewState":{"showFog":true,"showMaterialUpdate":false,"showSkybox":true,"showFlares":true,"showImageEffects":true,"showParticleSystems":true},"in2DMode":false,"pivot":{"x":0.0749647468328476,"y":0.07686832547187805,"z":0.0494801327586174},"rotation":{"x":-0.26165515184402468,"y":0.0858541801571846,"z":-0.023386335000395776,"w":-0.9610775709152222},"size":0.5404974222183228,"orthographic":false}